Ref,Val,Package,PosX,PosY,Rot,Side
"C1","100uF, 50V","CP_Elec_8x10.5",163.975000,-58.825000,0.000000,top
"C2","100uF, 50V","CP_Elec_8x10.5",143.900000,-44.600000,-90.000000,top
"C3","47uF, 16V, 3528","CP_EIA-6032-20_AVX-F_Pad2.25x2.35mm_HandSolder",174.950000,-61.929000,0.000000,top
"C4","0.1uF, 50V","C_0603_1608Metric_Pad1.08x0.95mm_HandSolder",172.711500,-48.000000,0.000000,top
"C5","0.1uF, 50V","C_0603_1608Metric_Pad1.08x0.95mm_HandSolder",178.936500,-48.000000,0.000000,top
"C6","0.1uF, 50V","C_0603_1608Metric_Pad1.08x0.95mm_HandSolder",185.136500,-48.000000,0.000000,top
"C7","0.1uF, 50V","C_0603_1608Metric_Pad1.08x0.95mm_HandSolder",185.949000,-46.322000,0.000000,top
"C8","0.1uF, 50V","C_0603_1608Metric_Pad1.08x0.95mm_HandSolder",179.811500,-46.322000,0.000000,top
"C9","0.1uF, 50V","C_0603_1608Metric_Pad1.08x0.95mm_HandSolder",173.711500,-46.322000,0.000000,top
"C10","0.1uF, 50V","C_0603_1608Metric_Pad1.08x0.95mm_HandSolder",163.762500,-43.295000,0.000000,top
"C11","0.1uF, 50V","C_0603_1608Metric_Pad1.08x0.95mm_HandSolder",152.937500,-47.820000,180.000000,top
"C12","0.1uF, 50V","C_0603_1608Metric_Pad1.08x0.95mm_HandSolder",163.775000,-47.820000,0.000000,top
"C13","10nF, 50V","C_0603_1608Metric_Pad1.08x0.95mm_HandSolder",152.950000,-41.600000,0.000000,top
"C14","0.1uF, 50V","C_0603_1608Metric_Pad1.08x0.95mm_HandSolder",147.200000,-38.150000,180.000000,top
"C15","0.1uF, 50V","C_0603_1608Metric_Pad1.08x0.95mm_HandSolder",154.700000,-38.150000,0.000000,top
"D1","SMBJ24A","DIOM5436X261N",135.215000,-48.700000,180.000000,top
"D2","PESD5V0L1BA","D_SOD-323_HandSoldering",140.500000,-37.975000,90.000000,top
"D3","SS10P5-M3/86A","TO-277A",165.700000,-51.600000,-90.000000,top
"D4","SS10P5-M3/86A","TO-277A",158.250000,-51.600000,90.000000,top
"D5","PURE_GREEN","LED_0805_2012Metric_Pad1.15x1.40mm_HandSolder",159.325000,-38.100000,0.000000,top
"D6","RED","LED_0805_2012Metric_Pad1.15x1.40mm_HandSolder",185.725000,-62.222000,180.000000,top
"FL1","BLM41PG600SN1L","BEADC4516X180N",152.700000,-62.200000,0.000000,top
"IC1","LP2985-50DBVR","SOT-23-5",150.950000,-39.125000,0.000000,top
"J1","DC-005_(2Pie)","DC-005 (2Pie)",138.272000,-56.388000,0.000000,top
"J2","JST, B3B-EH-A, DIP, R/A","JST_EH_S3B-EH_1x03_P2.50mm_Horizontal",137.300000,-42.500000,90.000000,top
"J3","JST, S3B-EH, DIP, R/A","JST_EH_B3B-EH-A_1x03_P2.50mm_Vertical",173.474000,-56.769000,90.000000,top
"J4","JST, S3B-EH, DIP, R/A","JST_EH_B3B-EH-A_1x03_P2.50mm_Vertical",179.674000,-56.769000,90.000000,top
"J5","JST, S3B-EH, DIP, R/A","JST_EH_B3B-EH-A_1x03_P2.50mm_Vertical",185.874000,-56.769000,90.000000,top
"J6","JST, S3B-EH, DIP, R/A","JST_EH_B3B-EH-A_1x03_P2.50mm_Vertical",185.174000,-37.500000,-90.000000,top
"J7","JST, S3B-EH, DIP, R/A","JST_EH_B3B-EH-A_1x03_P2.50mm_Vertical",179.074000,-37.500000,-90.000000,top
"J8","JST, S3B-EH, DIP, R/A","JST_EH_B3B-EH-A_1x03_P2.50mm_Vertical",172.926000,-37.500000,-90.000000,top
"Q1","SI2302","SOT-23",154.677500,-56.575000,180.000000,top
"R1","300","R_0603_1608Metric_Pad0.98x0.95mm_HandSolder",182.141000,-62.222000,180.000000,top
"R2","33K","R_0603_1608Metric_Pad0.98x0.95mm_HandSolder",152.942500,-44.790000,0.000000,top
"R3","10K","R_0603_1608Metric_Pad0.98x0.95mm_HandSolder",152.942500,-46.315000,180.000000,top
"R4","3K","R_0603_1608Metric_Pad0.98x0.95mm_HandSolder",163.775000,-44.820000,0.000000,top
"R5","2K","R_0603_1608Metric_Pad0.98x0.95mm_HandSolder",163.775000,-46.320000,0.000000,top
"R6","100K","R_0603_1608Metric_Pad0.98x0.95mm_HandSolder",151.027500,-56.050000,0.000000,top
"R7","47K","R_0603_1608Metric_Pad0.98x0.95mm_HandSolder",151.027500,-57.550000,0.000000,top
"R8","10K","R_0603_1608Metric_Pad0.98x0.95mm_HandSolder",152.950000,-43.270000,180.000000,top
"R9","1K","R_0603_1608Metric_Pad0.98x0.95mm_HandSolder",159.431500,-39.870000,180.000000,top
"U1","LM393","SOIC-8_3.9x4.9mm_P1.27mm",158.350000,-45.845000,0.000000,top
"U2","SQS401EN-T1_BE3","Vishay_PowerPAK_1212-8_Single",152.142500,-53.025000,0.000000,top
